nom,club,id_club,lligues,mitjana_3b,fitxatge,actiu,alta,darrera_vegada
"ACED QUILEZ, LUIS",?,40,3B,0.26148,,Si,2026-10-09,2026-10-09
"ACOSTA CANO, JOSÉ CRUZ",?,14,3B,0.58750,,Si,2026-10-09,2026-10-09
"ADELL CASARRAMONA, PERE",?,2,3B,0.47874,,Si,2026-10-09,2026-10-09
"AGUILAR SALA, RAMÓN",?,16,3B,0.42722,,Si,2026-10-09,2026-10-09
"AGUILAR SERRA, JORDI",?,38,3B;4M,0.43195,,Si,2026-10-09,2026-10-09
"AGUILERA TORRES, JUAN ANTONIO",?,44,3B;4M,0.58586,,Si,2026-10-09,2026-10-09
"AGULLO TABOAS, JOSEP",?,50,3B,0.52338,,Si,2026-10-09,2026-10-09
"AGUT BONSFILLS, RAMON",?,33,3B;4M,0.38034,Si,Si,2026-10-09,2026-10-09
"ALARCÓN GALISTEO, FRANCESC",?,44,3B;4M,0.60023,,Si,2026-10-09,2026-10-09
"ALBERICH SÁNCHEZ, VICENTE",?,22,3B;4M,0.54844,,Si,2026-10-09,2026-10-09
"ALCONCHEL CABRERA, JOSÉ",?,65,3B,0.18012,,Si,2026-10-09,2026-10-09
"ALEMANY ROS, LEANDRO",?,47,3B;4M,0.20000,,Si,2026-10-09,2026-10-09
"ALVES DA CUNHA, DAVID M.",?,40,3B;4M,0.78344,,Si,2026-10-09,2026-10-09
"AMADO GAMBOA, JAVIER IGNACIO",?,56,3B,0.53275,,Si,2026-10-09,2026-10-09
"AMADO GAMBOA, JOSE MANUEL",?,56,3B,0.43206,,Si,2026-10-09,2026-10-09
"AMELL AMELL, JORDI",?,27,3B,0.95002,,Si,2026-10-09,2026-10-09
"AMETLLER CONGOST, LLUIS",?,16,3B,0.77778,,Si,2026-10-09,2026-10-09
"AMIGÓ BARBERÁN, JOAQUIM",?,10,3B,0.26154,,Si,2026-10-09,2026-10-09
"AMORETTI VIDAL, LLUIS",?,47,3B;4M,0.52739,,Si,2026-10-09,2026-10-09
"ANDREU PÉREZ, JAUME",?,6,3B;4M,0.59463,,Si,2026-10-09,2026-10-09
"ANDREU, JORDI",?,68,3B,0.58487,,Si,2026-10-09,2026-10-09
"ANDRINO CUBINO, SIMÓN",?,6,3B;4M,0.15002,,Si,2026-10-09,2026-10-09
"ANGARITA CRISTANCHO, ALEXANDER",?,22,3B;4M,0.71429,,Si,2026-10-09,2026-10-09
"ANGEL GARZÓN, LEONARDO",?,50,3B,0.35002,,Si,2026-10-09,2026-10-09
"ANGHEL TURMAC, GEORGETA",?,45,3B,0.22861,,Si,2026-10-09,2026-10-09
"ANILLO MARTÍN, JOSÉ ANTONIO",?,17,3B,0.75102,,Si,2026-10-09,2026-10-09
"APARICIO ESCUDERO, SERGI",?,53,3B,0.31381,,Si,2026-10-09,2026-10-09
"ARBIOL MORERA, RAMON",?,27,3B,0.56338,,Si,2026-10-09,2026-10-09
"ARDISSON VIEIRA DOS SANTOS, ANTON",?,13,3B,0.45053,,Si,2026-10-09,2026-10-09
"ARIAS HERRERO, JOSÉ",?,10,3B;4M,0.43912,,Si,2026-10-09,2026-10-09
"ARIS GUITART, ALBERT",?,29,3B;4M,0.41201,,Si,2026-10-09,2026-10-09
"ARMENGOL BERTRAN, JORDI",?,3,3B;4M,0.50156,,Si,2026-10-09,2026-10-09
"ARNAU ABILLEIRA, ALEIX",?,22,3B;4M,0.61760,Si,Si,2026-10-09,2026-10-09
"ARNAU FONT, RICARD",?,22,3B;4M,0.53145,Si,Si,2026-10-09,2026-10-09
"ARTIGAS BENTANACHS, XAVIER",?,3,3B;4M,0.56160,,Si,2026-10-09,2026-10-09
"AULADELL CODINA, JOSEP",?,40,3B,0.28823,,Si,2026-10-09,2026-10-09
"BADIA LÓPEZ, JOAQUIM",?,28,3B;4M,0.30748,,Si,2026-10-09,2026-10-09
"BALAGUER ROMERO, FRANCESC",?,30,3B;4M,0.28013,,Si,2026-10-09,2026-10-09
"BALANTA PÉREZ, ANDRÉS",?,44,3B;4M,0.38526,,Si,2026-10-09,2026-10-09
"BALLESTEROS DE HARO, SERGIO",?,65,3B,0.35012,,Si,2026-10-09,2026-10-09
"BARENYS PINILLA, MIQUEL",?,40,3B;4M,0.45745,,Si,2026-10-09,2026-10-09
"BARGALLO JAUME, JOSEP",?,5,3B,0.54241,,Si,2026-10-09,2026-10-09
"BARNOLAS PARÉS, JOAN",?,15,3B;4M,0.52566,,Si,2026-10-09,2026-10-09
"BARRAGÁN DE LA CRUZ, LUIS",?,2,3B,0.44479,,Si,2026-10-09,2026-10-09
"BARRERA GASCÓN, ENRIQUE",?,17,3B,0.43096,,Si,2026-10-09,2026-10-09
"BARRERA PERDIGÓN, DAMIÁN",?,47,3B;4M,0.23796,,Si,2026-10-09,2026-10-09
"BARRERA VILÀ, CARLES",?,65,3B,0.23012,,Si,2026-10-09,2026-10-09
"BARRIENTOS CABALLERO, JOAN JOSEP",?,44,3B;4M,0.53846,,Si,2026-10-09,2026-10-09
"BARS PIQUÉ, JOAN RAMÓN",?,18,3B;4M,0.30026,,Si,2026-10-09,2026-10-09
"BAS PASTOR, ENRIC",?,11,3B,0.54658,,Si,2026-10-09,2026-10-09
"BASTIDA PARAREDA, JOSEP ANT.",?,38,3B;4M,0.47745,,Si,2026-10-09,2026-10-09
"BASTIDA SALA, XAVIER",?,30,3B;4M,0.46959,,Si,2026-10-09,2026-10-09
"BAUTISTA VICENTE, MIQUEL",?,38,3B;4M,0.56761,,Si,2026-10-09,2026-10-09
"BAZ VERGARA, ISIDRE",?,22,3B;4M,0.39199,,Si,2026-10-09,2026-10-09
"BAÑOBRE PICOS, VICENTE",?,9,3B,0.21905,,Si,2026-10-09,2026-10-09
"BAÑOS PIZARRO, ANTONIO",?,7,3B,0.29500,,Si,2026-10-09,2026-10-09
"BECERRA GÓMEZ, CIPRIANO",?,50,3B,0.37887,,Si,2026-10-09,2026-10-09
"BELTRAN CORTES, JAUME",?,55,3B,0.18059,,Si,2026-10-09,2026-10-09
"BENITEZ REINA, PAU",?,9,3B,1.14196,,Si,2026-10-09,2026-10-09
"BERENGUERAS COSTA, F. XAVIER",?,13,3B;4M,0.53268,,Si,2026-10-09,2026-10-09
"BERENGUERAS COSTA, JORDI",?,13,3B,0.20012,,Si,2026-10-09,2026-10-09
"BERGADÀ PALLISÉ, JOAN",?,36,3B,0.20001,,Si,2026-10-09,2026-10-09
"BERLANGO JIMÉNEZ, RAFAEL",?,6,3B;4M,0.60010,,Si,2026-10-09,2026-10-09
"BLANCH GIMENO, JOAQUIM",?,27,3B,0.58714,,Si,2026-10-09,2026-10-09
"BOLOIX SEDO, RAMÓN",?,42,3B;4M,0.29635,,Si,2026-10-09,2026-10-09
"BONALUQUE SÁNCHEZ, MANUEL",?,42,3B;4M,0.49595,,Si,2026-10-09,2026-10-09
"BONET CARMONA, SEBASTIÀ",?,3,3B;4M,0.45113,,Si,2026-10-09,2026-10-09
"BONET MORENO, PAU",?,2,3B,0.59471,,Si,2026-10-09,2026-10-09
"BONET PASCUAL, CÉSAR",?,6,3B;4M,0.37951,,Si,2026-10-09,2026-10-09
"BORONAT PUJALS, JAUME",?,22,3B;4M,0.52012,,Si,2026-10-09,2026-10-09
"BORT CARIÑENA, SALVADOR",?,9,3B,0.47580,,Si,2026-10-09,2026-10-09
"BOSQUED TORE, DAVID",?,10,3B;4M,0.65280,,Si,2026-10-09,2026-10-09
"BOUTERIN BOTE, JOAN",?,14,3B,1.12551,,Si,2026-10-09,2026-10-09
"BOYA SOLER, LLUÍS",?,33,3B,0.35102,,Si,2026-10-09,2026-10-09
"BRAVO COLLADO, JOAN",?,9,3B,0.43000,,Si,2026-10-09,2026-10-09
"BRIGOS HERMIDA, MIGUEL",?,53,3B,0.36667,,Si,2026-10-09,2026-10-09
"BRIZZI, LINO",?,6,3B;4M,0.59132,,Si,2026-10-09,2026-10-09
"BUITRAGO DEL MORAL, IKER",?,40,3B,0.17518,,Si,2026-10-09,2026-10-09
"BUSQUET CATALÁN, JOAN",?,27,3B,0.34266,,Si,2026-10-09,2026-10-09
"BUSQUETS TROSES, ROMÀ",?,14,3B,0.45604,,Si,2026-10-09,2026-10-09
"CABRERIZO MÁS, VICTOR",?,3,3B;4M,0.33003,,Si,2026-10-09,2026-10-09
"CADILLAC JODAR, JORDI",?,29,3B;4M,0.49289,,Si,2026-10-09,2026-10-09
"CALLE ORTEGA, ANTONI",?,63,3B,0.35673,,Si,2026-10-09,2026-10-09
"CALLE ORTEGA, EUSEBI",?,63,3B,0.67810,,Si,2026-10-09,2026-10-09
"CALLS SARROCA, JOSEP",?,30,3B;4M,0.39334,,Si,2026-10-09,2026-10-09
"CALVACHE BANÚS, JORDI",?,40,3B;4M,0.47137,,Si,2026-10-09,2026-10-09
"CALVET LLACH, JOAN",?,10,3B,0.63235,,Si,2026-10-09,2026-10-09
"CAMAROS SERRA, JORDI",?,7,3B,0.31207,,Si,2026-10-09,2026-10-09
"CAMPAÑA COMINO, GREGORI",?,18,3B;4M,0.65300,,Si,2026-10-09,2026-10-09
"CAMPOS FERNÁNDEZ, FRANCESC",?,13,3B;4M,0.42663,,Si,2026-10-09,2026-10-09
"CAMPOS GONZÁLEZ, JºMª",?,2,3B,0.42000,,Si,2026-10-09,2026-10-09
"CAMPOY MATES, MARC",?,16,3B,0.18600,,Si,2026-10-09,2026-10-09
"CAMPS ESTELA, RAMÓN",?,16,3B,0.33506,,Si,2026-10-09,2026-10-09
"CAMPS ROSELL, MIQUEL",?,47,3B;4M,0.30028,,Si,2026-10-09,2026-10-09
"CANAL SANGLÀS, NIL",?,13,3B;4M,0.28382,,Si,2026-10-09,2026-10-09
"CANDEAL DOMINGUEZ, MANUEL",?,3,3B;4M,0.29333,,Si,2026-10-09,2026-10-09
"CANDELA RAMOS, JORDI",?,14,3B,0.36012,,Si,2026-10-09,2026-10-09
"CANO POIRRIER LALANNE, SANTIAGO",?,2,3B,0.44662,,Si,2026-10-09,2026-10-09
"CANTERO LLORENTE, FRANCESC M.",?,5,3B,0.25514,,Si,2026-10-09,2026-10-09
"CANTOS GAMIZ, ANTONIO",?,13,3B,0.35556,,Si,2026-10-09,2026-10-09
"CARBONELL ROGER, GUILLEM",?,6,3B;4M,0.53414,,Si,2026-10-09,2026-10-09
"CARBONELL TRILLA, MATEU",?,18,3B;4M,0.55089,,Si,2026-10-09,2026-10-09
"CARDET CALDERÓ, ISIDOR",?,36,3B;4M,0.56472,,Si,2026-10-09,2026-10-09
"CARDEÑOSA MARÍN, JOSEP MANUEL",?,3,3B;4M,0.20036,,Si,2026-10-09,2026-10-09
"CARDONA GALLEGO, JULIÁN ALBERTO",?,2,3B,0.70435,,Si,2026-10-09,2026-10-09
"CARDOZO TALERO, NELSON ALIRIO",?,36,3B;4M,0.76199,,Si,2026-10-09,2026-10-09
"CARMONA LÓPEZ, ANTONIO",?,53,3B,0.35380,,Si,2026-10-09,2026-10-09
"CARMONA MARTÍN, ENRIQUE",?,63,3B,0.42412,,Si,2026-10-09,2026-10-09
"CARPINTERO PÉREZ, URIEL",?,9,3B,0.10023,,Si,2026-10-09,2026-10-09
"CARRERAS RESTA, JOSEP",?,16,3B,0.26500,,Si,2026-10-09,2026-10-09
"CARRIÓ LACASA, CARLES",?,30,3B;4M,0.36596,,Si,2026-10-09,2026-10-09
"CASADEVALL SARDAÑES, VALERO",?,56,3B,0.68945,,Si,2026-10-09,2026-10-09
"CASADÓ ROCA, ALEX",?,23,3B;4M,0.59969,,Si,2026-10-09,2026-10-09
"CASTILLO ALGAR, JUAN CARLOS",?,3,3B;4M,0.28125,,Si,2026-10-09,2026-10-09
"CASTRO CALVO, MANUEL",?,3,3B;4M,0.37241,,Si,2026-10-09,2026-10-09
"CASTRO TÉLLEZ, HENRY",?,2,3B,0.61418,,Si,2026-10-09,2026-10-09
"CERVERA MUR, JORDI",?,7,3B;4M,0.37558,,Si,2026-10-09,2026-10-09
"CERVERA SANS, GABRIEL",?,2,3B,0.38565,,Si,2026-10-09,2026-10-09
"CHACÓN LÓPEZ, CARLOS J.",?,22,3B,0.98551,,Si,2026-10-09,2026-10-09
"CHAVES ROMERO, FERNEY",?,6,3B;4M,0.49927,,Si,2026-10-09,2026-10-09
"CHECA FUENTES, DIONISIO",?,11,3B,0.34332,,Si,2026-10-09,2026-10-09
"CHIRIACO NAPOLITANO, LUIGI",?,45,3B,0.21001,,Si,2026-10-09,2026-10-09
"CHUECOS ENRIQUEZ, LUIS",?,2,3B,0.51977,,Si,2026-10-09,2026-10-09
"CHUMILLAS INVERNON, CRISTOBAL",?,3,3B;4M,0.31476,,Si,2026-10-09,2026-10-09
"CLAPÉS MIRÓ, JORDI",?,13,3B;4M,0.44793,,Si,2026-10-09,2026-10-09
"COLELL LLOP, QUIM",?,36,3B;4M,0.81162,,Si,2026-10-09,2026-10-09
"COLLADO BANCHS, FRANCESC",?,47,3B;4M,0.42975,,Si,2026-10-09,2026-10-09
"COLOMINA SAMSO, JOSEP",?,38,3B;4M,0.21000,,Si,2026-10-09,2026-10-09
"COMABELLA HUGUET, JOSÉ RAMÓN",?,21,3B;4M,0.42424,,Si,2026-10-09,2026-10-09
"CONESA ARMERO, JAUME",?,53,3B,0.37002,,Si,2026-10-09,2026-10-09
"CORANTI DEL CASTILLO, ANDRÉS",?,40,3B,0.31631,,Si,2026-10-09,2026-10-09
"CORDÓN SOSA, JUAN",?,65,3B,0.32967,,Si,2026-10-09,2026-10-09
"COROMINAS FRANCH, ESTEVE",?,16,3B,0.77257,,Si,2026-10-09,2026-10-09
"CORONADO SOTO, JOSEP",?,40,3B,0.45324,,Si,2026-10-09,2026-10-09
"CORPAS NATOLI, FERNANDO",?,40,3B;4M,0.75316,,Si,2026-10-09,2026-10-09
"CORTÉS SÁNCHEZ, JOSÉ",?,21,3B;4M,0.52374,,Si,2026-10-09,2026-10-09
"COSTA SALVANS, MIQUEL",?,15,3B;4M,0.30667,,Si,2026-10-09,2026-10-09
"COSTABELLA PORTELLA, JOSEP",?,16,3B,0.15200,,Si,2026-10-09,2026-10-09
"CREGO GUERRERO, DIDIER",?,30,3B;4M,0.40615,Si,Si,2026-10-09,2026-10-09
"CRISTÓBAL CEBOLLA, CARLOS",?,11,3B,0.44973,,Si,2026-10-09,2026-10-09
"CRUZ LORENZANZA, ÁNGEL",?,30,3B;4M,0.34000,,Si,2026-10-09,2026-10-09
"CUARTAS CÁRDENAS, MARINO",?,47,3B;4M,0.35029,,Si,2026-10-09,2026-10-09
"CUEVAS GALAN, PABLO",?,13,3B;4M,0.53409,,Si,2026-10-09,2026-10-09
"CUSINÉ BARBER, MANUEL",?,36,4M,,,Si,2026-10-09,2026-10-09
"DA SILVA RIVILLA, ÁLVARO",?,16,3B,0.28940,,Si,2026-10-09,2026-10-09
"DALMAU SUÑE, ENRIC",?,3,3B;4M,0.57870,,Si,2026-10-09,2026-10-09
"DAUDE COSTA, ALBERTO",?,50,3B,0.46334,,Si,2026-10-09,2026-10-09
"DAVILA SILVA, HENRY",?,36,3B,0.55540,,Si,2026-10-09,2026-10-09
"DE LA HOZ ALONSO, MIQUEL",?,47,3B;4M,0.67141,,Si,2026-10-09,2026-10-09
"DE LOS RÍOS MARTÍNEZ, JOSÉ",?,9,3B,0.28281,,Si,2026-10-09,2026-10-09
"DE VEGA GRACIA, CARLOS",?,18,3B;4M,0.35026,,Si,2026-10-09,2026-10-09
"DEIBIS FERNÁNDEZ, YHOJAN",?,44,3B;4M,0.58631,,Si,2026-10-09,2026-10-09
"DELGADO BOSCH, Jº Mª",?,56,3B,0.47230,,Si,2026-10-09,2026-10-09
"DESA, ANTONIO SERGIO",?,33,3B,0.52031,,Si,2026-10-09,2026-10-09
"DIAZ MORENO, MILTON CESAR",?,15,3B;4M,0.27501,,Si,2026-10-09,2026-10-09
"DIEZ AYZA, XAVIER",?,38,3B;4M,0.64933,,Si,2026-10-09,2026-10-09
"DOMINGO JUAN, JORGE",?,3,3B;4M,0.44539,,Si,2026-10-09,2026-10-09
"DUARTE RODRIGUEZ, DANIEL",?,27,3B,0.36785,,Si,2026-10-09,2026-10-09
"DUQUE GIRALDO, CARLOS ALBERTO",?,3,3B;4M,0.41748,,Si,2026-10-09,2026-10-09
"DURÁN SALGADO, JHON EDER",?,15,3B;4M,0.67200,,Si,2026-10-09,2026-10-09
"ESPEJO MERINO, MANUEL",?,29,3B;4M,0.47557,,Si,2026-10-09,2026-10-09
"ESPINASA SÁNCHEZ, JOAN",?,13,3B;4M,1.07443,,Si,2026-10-09,2026-10-09
"ESTRADERA SAYERZA, DAVID",?,28,3B;4M,0.53333,,Si,2026-10-09,2026-10-09
"ESTÉVEZ PINTOR, JOSÉ",?,28,3B;4M,0.32353,,Si,2026-10-09,2026-10-09
"FABREGA SANTAMARIA, CLIMENT",?,45,3B,0.30640,,Si,2026-10-09,2026-10-09
"FARIÑA VILLANUEVA, FRANCISCO",?,2,3B,0.69887,,Si,2026-10-09,2026-10-09
"FARRAN FERNÁNDEZ, MARTÍ",?,53,3B,0.34586,,Si,2026-10-09,2026-10-09
"FAURA TUBAU, JAUME",?,50,3B,0.52035,,Si,2026-10-09,2026-10-09
"FELIU PI, PERE",?,14,3B;4M,0.60331,Si,Si,2026-10-09,2026-10-09
"FERNÁNDEZ BARRAGAN, JORGE",?,22,3B;4M,0.43370,,Si,2026-10-09,2026-10-09
"FERNÁNDEZ CALLEJÓN, ALFREDO",?,9,3B,0.26727,,Si,2026-10-09,2026-10-09
"FERNÁNDEZ CÁNOVAS, MIGUEL",?,3,3B;4M,0.29001,,Si,2026-10-09,2026-10-09
"FERNÁNDEZ NÚÑEZ, MANUEL",?,2,3B,0.35865,,Si,2026-10-09,2026-10-09
"FERNÁNDEZ SEPÚLVEDA, RAFAEL",?,9,3B,0.20015,,Si,2026-10-09,2026-10-09
"FERNÁNDEZ TORRES, DANIEL",?,3,3B;4M,0.51356,,Si,2026-10-09,2026-10-09
"FERNÁNDEZ VELASCO, ENRIC",?,29,3B;4M,0.57031,,Si,2026-10-09,2026-10-09
"FERRANDO PAPIO, RAMÓN",?,22,3B;4M,0.43286,,Si,2026-10-09,2026-10-09
"FERRÉ GUALLAR, JAUME",?,10,3B;4M,0.61635,,Si,2026-10-09,2026-10-09
"FLORES BLAY, SERGI",?,21,3B;4M,0.32650,,Si,2026-10-09,2026-10-09
"FONELLOSA CASANOVAS, XAVIER",?,2,3B,0.67699,,Si,2026-10-09,2026-10-09
"FONT GIMÉNEZ, JOAN ANTON",?,22,3B;4M,0.76242,,Si,2026-10-09,2026-10-09
"FONTANET BELLES, JOAN CARLES",?,6,3B;4M,0.67341,,Si,2026-10-09,2026-10-09
"FONTES FULQUET, MANEL",?,5,3B,0.56585,,Si,2026-10-09,2026-10-09
"FORNIÉS ARGILES, CÉSAR AUGUSTO",?,44,3B;4M,0.28794,,Si,2026-10-09,2026-10-09
"FORTUNY ROS, JORDI",?,47,3B;4M,0.28202,,Si,2026-10-09,2026-10-09
"FUENTE JUTGLÀ, SANTI",?,15,4M,,,Si,2026-10-09,2026-10-09
"FUENTE MONTANE, NICOLAU",?,36,3B,0.43750,,Si,2026-10-09,2026-10-09
"GALEANO AMADO, RAMÓN",?,63,3B,0.38808,,Si,2026-10-09,2026-10-09
"GALEANO CARRILLO, JASSIR ALEXANDER",?,55,3B,0.37012,,Si,2026-10-09,2026-10-09
"GALLEGO MARTÍN, JOSEP LL.",?,3,3B;4M,0.60383,,Si,2026-10-09,2026-10-09
"GALVE MARTÍNEZ, CARLOS",?,29,3B;4M,0.32501,,Si,2026-10-09,2026-10-09
"GARCIA GARCIA, ISIDRO",?,42,4M,,,Si,2026-10-09,2026-10-09
"GARCIA TARRATS, ALBERT",?,16,3B,0.27731,,Si,2026-10-09,2026-10-09
"GARCÍA AGUADO, MIGUEL",?,3,3B,0.38128,,Si,2026-10-09,2026-10-09
"GARCÍA ALARCÓN, RICARDO",?,2,3B,1.30159,,Si,2026-10-09,2026-10-09
"GARCÍA BURGUEÑO, EDUARDO",?,9,3B,0.17769,,Si,2026-10-09,2026-10-09
"GARCÍA CASTILLO, ANTONIO",?,15,3B;4M,0.21333,,Si,2026-10-09,2026-10-09
"GARCÍA CORBALÁN, JESÚS",?,5,3B,0.33380,,Si,2026-10-09,2026-10-09
"GARCÍA DOMÍNGUEZ, Jº ANTONIO",?,65,3B,0.16012,,Si,2026-10-09,2026-10-09
"GARCÍA DURÁN, CARMELO",?,3,3B;4M,0.51014,,Si,2026-10-09,2026-10-09
"GARCÍA ESPIGARES, JOSÉ",?,42,3B;4M,0.43447,,Si,2026-10-09,2026-10-09
"GARCÍA FORÉS, MANEL",?,22,3B;4M,0.24916,,Si,2026-10-09,2026-10-09
"GARCÍA GARCÍA, JORDI",?,50,3B,0.56133,,Si,2026-10-09,2026-10-09
"GARCÍA GARCÍA, POMPILIO",?,42,3B,0.44001,,Si,2026-10-09,2026-10-09
"GARCÍA GAVILÁN, MARIO",?,27,3B,0.57288,,Si,2026-10-09,2026-10-09
"GARCÍA GONZÁLEZ, JOSÉ LUIS",?,44,3B;4M,0.39565,,Si,2026-10-09,2026-10-09
"GARCÍA LÓPEZ, ALFONSO",?,6,3B;4M,0.40005,,Si,2026-10-09,2026-10-09
"GARCÍA MARQUÉS, CÉSAR",?,26,3B,0.42000,,Si,2026-10-09,2026-10-09
"GARCÍA MARTÍNEZ, MANUEL",?,13,3B;4M,0.53701,,Si,2026-10-09,2026-10-09
"GARCÍA OLIVA, ANTONIO MANUEL",?,26,3B,0.54636,,Si,2026-10-09,2026-10-09
"GARCÍA ROMÁN, FRANCISCO JAVIER",?,15,3B;4M,0.33379,,Si,2026-10-09,2026-10-09
"GARCÍA SANTOS, JOAN",?,28,3B;4M,0.20333,,Si,2026-10-09,2026-10-09
"GARCÍA SORIANO, ANTONI",?,65,3B,0.57005,,Si,2026-10-09,2026-10-09
"GARCÍA ZALDIVAR, RICARDO",?,2,3B,0.50980,,Si,2026-10-09,2026-10-09
"GARRIGA COMAS, JORDI",?,9,3B,1.32176,,Si,2026-10-09,2026-10-09
"GARRIGA GARRIGA, JAUME",?,65,3B,0.22131,,Si,2026-10-09,2026-10-09
"GARRIGA LLOVET, SERGI",?,18,3B;4M,0.55012,,Si,2026-10-09,2026-10-09
"GASCÓN REYES, RAFAEL",?,5,3B,0.73720,,Si,2026-10-09,2026-10-09
"GASSÓ CHUMILLAS, JORDI",?,13,3B;4M,0.58242,,Si,2026-10-09,2026-10-09
"GAVILAN RAYA, JOSE ANTONIO",?,30,3B;4M,0.49331,,Si,2026-10-09,2026-10-09
"GIL PÉREZ, ALBERT",?,10,3B,0.66081,,Si,2026-10-09,2026-10-09
"GILABERT PESQUER, JOAN",?,65,3B,0.31501,,Si,2026-10-09,2026-10-09
"GILI BERTRAL, JOAN",?,2,3B,0.32065,,Si,2026-10-09,2026-10-09
"GIMENEZ VERDE, RAFAEL",?,3,3B;4M,0.29002,,Si,2026-10-09,2026-10-09
"GIMÉNEZ FIGUERA, LAUREÀ",?,27,3B,0.52403,,Si,2026-10-09,2026-10-09
"GIMÉNEZ FONT, FRANCESC XAVIER",?,28,3B;4M,0.36417,,Si,2026-10-09,2026-10-09
"GOMEZ LOPEZ, FRANCISCO",?,17,3B,0.43352,,Si,2026-10-09,2026-10-09
"GONZÁLEZ BARRIGA, JOSEP MANEL",?,22,3B;4M,0.45006,,Si,2026-10-09,2026-10-09
"GONZÁLEZ CASTILLO, MANUEL",?,21,3B;4M,0.45012,,Si,2026-10-09,2026-10-09
"GONZÁLEZ MARTÍN, JOAN",?,67,3B,0.42566,,Si,2026-10-09,2026-10-09
"GONZÁLEZ OSPINA, ROGER EDUARDO",?,65,3B,0.32801,,Si,2026-10-09,2026-10-09
"GONZÁLEZ SERRANO, ANTONI",?,47,3B;4M,0.34012,,Si,2026-10-09,2026-10-09
"GONZÁLEZ SÁNCHEZ, JOSEP LL.",?,45,3B,0.54642,,Si,2026-10-09,2026-10-09
"GORGUES SENDRA, ANTONIO",?,67,3B,0.44444,,Si,2026-10-09,2026-10-09
"GOVERNATORI TEBAR, NICOLA",?,9,3B,0.10021,,Si,2026-10-09,2026-10-09
"GRACIA RODRIGUEZ, EMILIO",?,36,3B,0.43119,,Si,2026-10-09,2026-10-09
"GRAELLS BOSCH, JOAN",?,18,3B;4M,0.55058,,Si,2026-10-09,2026-10-09
"GRAU PICÓ, FRANCESC XAVIER",?,28,3B;4M,0.27474,,Si,2026-10-09,2026-10-09
"GRIS PERALBA, TONI",?,47,3B;4M,0.52916,,Si,2026-10-09,2026-10-09
"GUARINO GUTIERREZ, MATEO",?,30,3B;4M,0.30072,,Si,2026-10-09,2026-10-09
"GUERRA GARCÍA, RAMÓN",?,68,3B,0.52961,,Si,2026-10-09,2026-10-09
"GUERRA PRIETO, FCO.JAVIER",?,29,3B;4M,0.26571,,Si,2026-10-09,2026-10-09
"GUERRERO GONZÁLEZ, MIQUEL A.",?,10,3B;4M,0.82665,,Si,2026-10-09,2026-10-09
"GUIJO LOBATO, MANEL",?,27,3B,0.55030,,Si,2026-10-09,2026-10-09
"GUIL PALACIO, GREGORIO",?,68,3B,0.24000,,Si,2026-10-09,2026-10-09
"GUIRAO ROMERO, JAUME",?,36,3B,0.30012,,Si,2026-10-09,2026-10-09
"GUISADO SÁNCHEZ, MARIANO",?,27,3B,0.23012,,Si,2026-10-09,2026-10-09
"GUTIÉRREZ CONTRERAS, ARNOLD",?,55,3B,0.72847,,Si,2026-10-09,2026-10-09
"GUTIÉRREZ PORRAS, TOMÁS",?,13,3B,0.30047,,Si,2026-10-09,2026-10-09
"GÁLVEZ JURADO, FRANCISCO",?,40,3B;4M,0.34143,,Si,2026-10-09,2026-10-09
"GÁLVEZ PAREJO, JOSÉ MARÍA",?,47,3B;4M,0.48911,,Si,2026-10-09,2026-10-09
"GÓMEZ AMETLLER, ALBERT",?,16,3B,0.57982,,Si,2026-10-09,2026-10-09
"GÓMEZ GONZÁLEZ, JOSEP",?,5,3B,0.27445,,Si,2026-10-09,2026-10-09
"GÓMEZ MORÁN, LLUIS",?,6,3B;4M,0.65091,,Si,2026-10-09,2026-10-09
"GÓMEZ NIÑO, DANIEL",?,55,3B,0.38001,,Si,2026-10-09,2026-10-09
"GÓMEZ PÉREZ, ARTURO",?,47,3B;4M,0.53689,,Si,2026-10-09,2026-10-09
"GÓMEZ SALVADOR, MANUEL",?,68,3B,0.29032,,Si,2026-10-09,2026-10-09
"GÓMEZ-PIMPOLLO VELASCO, IGNACIO",?,13,3B,0.25005,,Si,2026-10-09,2026-10-09
"HERMIDA DÍAZ, EVA MARÍA",?,45,3B,0.39323,,Si,2026-10-09,2026-10-09
"HERNANDEZ GIRALDO, FABIAN ALBERTO",?,2,3B,0.56501,,Si,2026-10-09,2026-10-09
"HERNÁNDEZ FALCO, IGNASI",?,2,3B,0.33094,,Si,2026-10-09,2026-10-09
"HERNÁNDEZ HERNÁNDEZ, FRANCESC",?,45,3B,0.71695,,Si,2026-10-09,2026-10-09
"HERNÁNDEZ LÓPEZ, JONATAN",?,10,3B;4M,0.77658,,Si,2026-10-09,2026-10-09
HERNÁNDEZ MAÑAS JOSÉ,?,26,3B,0.52000,,Si,2026-10-09,2026-10-09
"HERNÁNDEZ MUGA, ÓSCAR",?,50,3B,0.29167,,Si,2026-10-09,2026-10-09
"HERNÁNDEZ PARRA, ANTONI",?,13,3B;4M,1.08996,,Si,2026-10-09,2026-10-09
"HERNÁNDEZ SANABRIA, YEISON",?,27,3B,0.61443,,Si,2026-10-09,2026-10-09
"HERRERA RUIZ, JESÚS",?,6,4M,,,Si,2026-10-09,2026-10-09
"HOLGADO MARTÍN, JAVIER",?,68,3B,0.41339,,Si,2026-10-09,2026-10-09
"HUANQUI GAMARRA, LUIS",?,56,3B,0.43000,,Si,2026-10-09,2026-10-09
"HUERTAS GARRIDO, MIGUEL",?,65,3B,0.45714,,Si,2026-10-09,2026-10-09
"HUGUET PASCUAL, JORDI",?,30,3B;4M,0.38798,,Si,2026-10-09,2026-10-09
"IBAÑEZ APARICIO, JULIÀ",?,3,3B;4M,0.30997,,Si,2026-10-09,2026-10-09
"INGLADA ROCA, ESTEVE",?,7,3B;4M,0.35003,,Si,2026-10-09,2026-10-09
"IÑIGO GRISALEÑA, ALEJANDRO",?,42,3B;4M,0.60986,,Si,2026-10-09,2026-10-09
"IÑIGUEZ TRIQUELL, ISIDRO",?,42,3B;4M,0.39296,,Si,2026-10-09,2026-10-09
"JANES AUTONELL, RAMÓN",?,28,3B;4M,0.42313,,Si,2026-10-09,2026-10-09
"JARQUE SÁNCHEZ, RAUL",?,38,3B;4M,0.19801,,Si,2026-10-09,2026-10-09
"JEREZ LOZANO, GUILLERMO",?,7,3B;4M,0.16456,,Si,2026-10-09,2026-10-09
"JIMÉNEZ BOTIAS, MAX",?,10,3B;4M,0.48792,,Si,2026-10-09,2026-10-09
"JIMÉNEZ ESPINOSA, JOAN",?,29,3B;4M,0.45517,,Si,2026-10-09,2026-10-09
"JIMÉNEZ GALERA, SERGI",?,13,3B;4M,1.62881,,Si,2026-10-09,2026-10-09
"JIMÉNEZ JIMÉNEZ, JOSÉ",?,10,3B;4M,0.40594,,Si,2026-10-09,2026-10-09
"JIMÉNEZ LARA, MANUEL",?,38,3B;4M,0.66779,,Si,2026-10-09,2026-10-09
"JIMÉNEZ MANZANERO, JESÚS",?,23,3B;4M,0.30036,,Si,2026-10-09,2026-10-09
"JIMÉNEZ MARTÍNEZ, JESÚS",?,38,3B;4M,0.36217,,Si,2026-10-09,2026-10-09
"JIMÉNEZ PÉREZ, FERNANDO",?,13,3B;4M,0.46741,,Si,2026-10-09,2026-10-09
"JIMÉNEZ VASCO, JOAN CARLES",?,10,3B;4M,0.81803,,Si,2026-10-09,2026-10-09
"JORBA HOMAR, PAU",?,55,3B,0.55468,,Si,2026-10-09,2026-10-09
"JOSÉ TORRISCO, ENRIQUE",?,30,3B;4M,0.41577,,Si,2026-10-09,2026-10-09
"JOU MORA, FERRÀN",?,5,3B,0.44666,,Si,2026-10-09,2026-10-09
"JOVE BADIA, EDUARD",?,40,3B,0.42817,,Si,2026-10-09,2026-10-09
"JUAN DOMÈNECH, JOSEP MARIA",?,22,3B;4M,0.41119,,Si,2026-10-09,2026-10-09
"JULIA SOLDEVILA, EVA",?,47,3B,0.30156,,Si,2026-10-09,2026-10-09
"JURADO LUQUE, MIGUEL",?,68,3B,0.36778,,Si,2026-10-09,2026-10-09
"JUSTICIA RODRÍGUEZ, EMILIO",?,40,3B;4M,0.26902,,Si,2026-10-09,2026-10-09
"JUÁREZ DE ALARCÓN, JORGE",?,2,3B,0.71725,,Si,2026-10-09,2026-10-09
"JUÁREZ ROLDÁN, JOSÉ",?,21,3B;4M,0.48986,,Si,2026-10-09,2026-10-09
"LABRADOR CODINA, JOSEP",?,36,4M,,,Si,2026-10-09,2026-10-09
"LAFUENTE SÁNCHEZ, JOSÉ FRANCISCO",?,65,3B,0.24012,,Si,2026-10-09,2026-10-09
"LAGUARDA BURON, CARLOS",?,21,3B;4M,0.46498,,Si,2026-10-09,2026-10-09
"LAKISZYK KOWALCZUK, OSCAR ERNESTO",?,68,3B,0.31310,,Si,2026-10-09,2026-10-09
"LATORRE PUIGVERT, ERNEST",?,36,3B;4M,0.59322,,Si,2026-10-09,2026-10-09
"LEGIDO FERNÁNDEZ, SERGIO",?,9,3B,1.14959,,Si,2026-10-09,2026-10-09
"LEÓN CALVO, LUIS",?,3,3B;4M,0.52019,,Si,2026-10-09,2026-10-09
"LEÓN PUIG, ESTEBAN",?,3,3B;4M,0.40029,,Si,2026-10-09,2026-10-09
"LIMONES VILLALBA, ANTONIO",?,55,3B,0.56260,,Si,2026-10-09,2026-10-09
"LIMONES VILLALBA, JORDI",?,55,3B,0.85597,,Si,2026-10-09,2026-10-09
"LINDO ALVARADO, ENRIC",?,26,3B,0.48623,,Si,2026-10-09,2026-10-09
"LIZIANO ÁLQUEZAR, JUAN CARLOS",?,14,3B,0.38012,,Si,2026-10-09,2026-10-09
"LLADONOSA SAPIENS, LLORENÇ",?,36,3B;4M,0.27000,,Si,2026-10-09,2026-10-09
"LLAMAS SÁNCHEZ, MANUEL",?,42,3B;4M,0.46390,,Si,2026-10-09,2026-10-09
"LLOBET TRAVESET, JORDI",?,18,3B;4M,0.34308,,Si,2026-10-09,2026-10-09
"LLORENS ROCA, JORDI",?,5,3B,0.43375,,Si,2026-10-09,2026-10-09
"LLOVERAS MARTÍNEZ, FCO. JOSÉ",?,11,3B,0.60469,,Si,2026-10-09,2026-10-09
"LLUMA VERGARA, PERE",?,15,3B;4M,0.49765,,Si,2026-10-09,2026-10-09
"LONGARÓN CALLE, ANTONI G.",?,18,3B;4M,0.54345,,Si,2026-10-09,2026-10-09
"LORENTE GARCÍA, JOSEP MANEL",?,10,3B;4M,0.44300,,Si,2026-10-09,2026-10-09
"LOZANO DE LA TORRE, MANEL",?,15,3B;4M,0.50740,,Si,2026-10-09,2026-10-09
"LOZANO ESPINOSA, MANUEL",?,50,3B,0.21281,,Si,2026-10-09,2026-10-09
"LOZANO HERRERO, MANUEL",?,2,3B,0.75115,,Si,2026-10-09,2026-10-09
"LOZANO VILLEGAS, MAURICIO",?,2,3B,0.58824,,Si,2026-10-09,2026-10-09
"LUQUE MARTÍNEZ, JESÚS",?,10,3B;4M,0.91021,,Si,2026-10-09,2026-10-09
"LÓPEZ ARJONA, EMILIO",?,3,3B;4M,0.41486,,Si,2026-10-09,2026-10-09
"LÓPEZ BALBOA, ALEJANDRO",?,6,3B;4M,0.60252,,Si,2026-10-09,2026-10-09
"LÓPEZ CARBONELL, ANTONI",?,56,3B,0.49472,,Si,2026-10-09,2026-10-09
"LÓPEZ DE LA FRANCA GARCÍA, FRANCISCO",?,23,3B;4M,0.35012,,Si,2026-10-09,2026-10-09
"LÓPEZ ESQUERDO, JOSÉ RAMÓN",?,9,3B,0.20665,,Si,2026-10-09,2026-10-09
"LÓPEZ FERNÁNDEZ, JOSÉ",?,9,3B,0.20035,,Si,2026-10-09,2026-10-09
"LÓPEZ FERNÁNDEZ, MARTA FABIANA",?,9,3B,0.06567,,Si,2026-10-09,2026-10-09
"LÓPEZ GALLEGO, CRISTIAN",?,2,3B,0.70451,,Si,2026-10-09,2026-10-09
"LÓPEZ HEREDIA, CRISTÓBAL",?,28,3B;4M,0.29249,,Si,2026-10-09,2026-10-09
"LÓPEZ LÓPEZ, SATURIO",?,44,3B;4M,0.55000,,Si,2026-10-09,2026-10-09
"LÓPEZ MASEGOSA, FRANCISCO",?,36,3B,0.25180,,Si,2026-10-09,2026-10-09
"LÓPEZ MORILLA, MANUEL",?,44,3B;4M,0.33012,,Si,2026-10-09,2026-10-09
"LÓPEZ NAVAJAS, CARLOS",?,40,3B,0.27437,,Si,2026-10-09,2026-10-09
"LÓPEZ NAVAS, MARTÍN",?,44,3B;4M,0.28395,,Si,2026-10-09,2026-10-09
"LÓPEZ PEÑARETE, JULIAN ALBERTO",?,47,3B;4M,0.54011,,Si,2026-10-09,2026-10-09
"LÓPEZ PULIDO, CARLOS",?,50,3B,0.71949,,Si,2026-10-09,2026-10-09
"LÓPEZ PÉREZ, MANUEL",?,10,3B;4M,0.35001,,Si,2026-10-09,2026-10-09
"LÓPEZ SALVADOR, MARTI",?,9,3B,0.36377,,Si,2026-10-09,2026-10-09
"MAGDALENO CARREÑO, ANTONI",?,22,3B;4M,0.43425,Si,Si,2026-10-09,2026-10-09
"MAJUA PERIS, JOSEP LLUIS",?,44,3B;4M,0.65595,Si,Si,2026-10-09,2026-10-09
"MALLOL RUIZ, BONAVENTURA",?,15,3B;4M,0.43917,,Si,2026-10-09,2026-10-09
"MANCIPE SEGURA, YEIMY ANDREA",?,47,3B;4M,0.39137,Si,Si,2026-10-09,2026-10-09
"MARCÉ GIL, JAUME",?,44,3B;4M,0.33846,,Si,2026-10-09,2026-10-09
"MARIN GASIO, ALBERT",?,29,3B;4M,0.36501,,Si,2026-10-09,2026-10-09
"MARTORI VILA, JOAQUIM",?,47,3B;4M,0.40969,,Si,2026-10-09,2026-10-09
"MARTÍ SENDRA, JORDI",?,36,3B;4M,0.88772,,Si,2026-10-09,2026-10-09
"MARTÍ TALAVERA, SALVADOR",?,36,3B;4M,0.31905,,Si,2026-10-09,2026-10-09
"MARTÍ TORRENTE, DAMIÀ",?,22,3B;4M,0.36538,,Si,2026-10-09,2026-10-09
"MARTÍN GUERRERO, JOAN",?,18,3B;4M,0.15294,,Si,2026-10-09,2026-10-09
"MARTÍN LIMA, MELCHOR",?,27,3B,0.74483,,Si,2026-10-09,2026-10-09
"MARTÍN SIERRA, ANDREU",?,33,3B,0.33015,,Si,2026-10-09,2026-10-09
"MARTÍN SÁNCHEZ, ANDREU",?,5,3B,0.39800,,Si,2026-10-09,2026-10-09
"MARTÍN TOVAR, FRANCISCO",?,40,3B;4M,0.40027,,Si,2026-10-09,2026-10-09
"MARTÍN VÍLCHEZ, JOSEP",?,13,3B;4M,0.68576,,Si,2026-10-09,2026-10-09
"MARTÍNEZ ALBERTO, XAVIER",?,14,3B,0.79160,,Si,2026-10-09,2026-10-09
"MARTÍNEZ AVILÉS, SERGIO",?,9,3B,1.04587,,Si,2026-10-09,2026-10-09
"MARTÍNEZ BELLMUNT, JORDI",?,36,3B;4M,0.52481,,Si,2026-10-09,2026-10-09
"MARTÍNEZ CARRILLO, ANTONI",?,40,3B;4M,0.75123,,Si,2026-10-09,2026-10-09
"MARTÍNEZ FERNÁNDEZ, MIGUEL",?,63,3B,0.30011,,Si,2026-10-09,2026-10-09
"MARTÍNEZ LOPEZOSA, VICENÇ",?,22,3B;4M,0.72012,,Si,2026-10-09,2026-10-09
"MARTÍNEZ MARTÍNEZ, MIGUEL",?,10,3B,0.35825,,Si,2026-10-09,2026-10-09
"MARTÍNEZ MATEU, ALBERT",?,67,3B;4M,0.47706,Si,Si,2026-10-09,2026-10-09
"MARTÍNEZ MORENO, DANIEL",?,9,3B,0.55831,,Si,2026-10-09,2026-10-09
"MARTÍNEZ OROZCO, PEDRO",?,42,3B;4M,0.39478,,Si,2026-10-09,2026-10-09
"MARTÍNEZ PONCE, SERAFIN",?,17,3B,0.52639,,Si,2026-10-09,2026-10-09
"MARTÍNEZ RODRÍGUEZ, JAN POOL",?,55,3B,0.55944,,Si,2026-10-09,2026-10-09
"MARTÍNEZ TORRES, JORDI",?,3,3B;4M,0.62594,,Si,2026-10-09,2026-10-09
"MARÍN ROMERA, FELICIÀ",?,11,3B,0.49555,,Si,2026-10-09,2026-10-09
"MARÍN VICIOSO, BARTOLOMÉ",?,40,3B;4M,0.51111,,Si,2026-10-09,2026-10-09
"MAS CANADELL, CÉSAR",?,13,3B;4M,0.89744,,Si,2026-10-09,2026-10-09
"MAS CANADELL, JOSEP Mª",?,13,3B;4M,1.63665,,Si,2026-10-09,2026-10-09
"MASACHS XENA, SALVADÓ",?,13,3B;4M,0.35329,,Si,2026-10-09,2026-10-09
"MASFERRER BAYE, PERE",?,40,3B,0.31335,,Si,2026-10-09,2026-10-09
"MATA PARDO, ESTEVE",?,13,3B,1.25160,Si,Si,2026-10-09,2026-10-09
"MATEOS SÁNCHEZ, FRANCISCO",?,3,3B;4M,0.29446,,Si,2026-10-09,2026-10-09
"MAURI JOAN, SALVADOR",?,42,3B;4M,0.40449,,Si,2026-10-09,2026-10-09
"MAYMÓ TORNÉ, MARC",?,55,3B,0.75952,,Si,2026-10-09,2026-10-09
"MAYOR GARCÍA, JAUME",?,9,3B,0.25846,,Si,2026-10-09,2026-10-09
"MEGIAS NAVAS, MATEU",?,5,3B,0.67190,,Si,2026-10-09,2026-10-09
"MEJIA ARIAS, DUVAN",?,2,3B,0.52518,,Si,2026-10-09,2026-10-09
"MEJIAS BARCELÓ, RAFAEL",?,22,3B;4M,0.36667,,Si,2026-10-09,2026-10-09
"MERCADER BOSCH, JOSEP",?,16,3B,0.36430,,Si,2026-10-09,2026-10-09
"MERINO VALLECILLO, JUAN",?,10,3B,0.34012,,Si,2026-10-09,2026-10-09
"MESA RUIZ, CARLOS",?,44,3B;4M,0.30052,,Si,2026-10-09,2026-10-09
"MESAS SECO, JAVIER",?,13,3B,0.27290,,Si,2026-10-09,2026-10-09
"MIGUEL MATEU, JULIO RAMÓN",?,44,3B;4M,0.52862,,Si,2026-10-09,2026-10-09
"MINGO FERNÁNDEZ, MATÍAS",?,68,3B,0.37730,,Si,2026-10-09,2026-10-09
"MINGUELL ROSSELLÓ, XAVIER",?,55,3B;4M,1.02358,Si,Si,2026-10-09,2026-10-09
"MINGUELLA PRINCEP, JORDI",?,67,3B,0.41629,,Si,2026-10-09,2026-10-09
"MIRÓ GINÉ, JOAQUIM",?,23,3B,0.50143,,Si,2026-10-09,2026-10-09
"MOLES ABELLO, SALVADOR",?,40,3B,0.32601,,Si,2026-10-09,2026-10-09
"MOLINA MASPOCH, JOSEP RAMÓN",?,6,3B;4M,0.43115,,Si,2026-10-09,2026-10-09
"MOLINS GARROBO, XAVIER",?,53,3B,0.62437,,Si,2026-10-09,2026-10-09
"MONCAU CAMPINS, ROBERT",?,28,3B;4M,0.30045,,Si,2026-10-09,2026-10-09
"MONTAÑÉS TATO, JOSEP",?,47,3B,0.41736,,Si,2026-10-09,2026-10-09
"MONTERO LARA, MIGUEL",?,42,3B;4M,0.26744,,Si,2026-10-09,2026-10-09
"MONTERO QUERO, RAFAEL",?,42,3B;4M,0.30000,,Si,2026-10-09,2026-10-09
"MONTES GALLARDO, ANTONIO",?,10,3B;4M,0.54714,,Si,2026-10-09,2026-10-09
"MONTES MONFERRER, ANTONIO",?,10,3B;4M,1.59459,,Si,2026-10-09,2026-10-09
"MONTIEL SOLER, SERGI",?,47,3B;4M,0.65306,,Si,2026-10-09,2026-10-09
"MONZONIS QUAIL, DAVID",?,36,3B,0.20012,,Si,2026-10-09,2026-10-09
"MORALES BECERRA, WILSON ANDRÉS",?,50,3B,0.48876,,Si,2026-10-09,2026-10-09
"MORCILLO MARIN, JUAN",?,22,3B;4M,0.40214,,Si,2026-10-09,2026-10-09
"MORENO CARRETERO, FERNANDO",?,23,3B;4M,0.49799,,Si,2026-10-09,2026-10-09
"MORENO MAGALLÓN, JOSEP RAMON",?,6,3B;4M,0.40004,,Si,2026-10-09,2026-10-09
"MORENO MEDINA, JUAN CARLOS",?,13,3B;4M,0.62226,,Si,2026-10-09,2026-10-09
"MORENO VERA, JULIÀ",?,22,3B;4M,0.21658,,Si,2026-10-09,2026-10-09
"MORUNO RAYA, IGNACIO",?,22,3B;4M,0.53037,,Si,2026-10-09,2026-10-09
"MOTA CALDERÓN, JOSÉ",?,44,3B;4M,0.40837,,Si,2026-10-09,2026-10-09
"MOYA GÁLVEZ, RAFAEL",?,21,3B;4M,0.40116,,Si,2026-10-09,2026-10-09
"MOYA MORENO, ROSENDO",?,47,3B;4M,0.49923,,Si,2026-10-09,2026-10-09
"MULA CALLEJÓN, FRANCISCO",?,3,3B,0.74493,,Si,2026-10-09,2026-10-09
"MUÑOZ GIMÉNEZ, JOSEP",?,9,3B,0.20011,,Si,2026-10-09,2026-10-09
"MUÑOZ LÓPEZ, JAVIER",?,2,3B,0.65719,,Si,2026-10-09,2026-10-09
"MUÑOZ MUÑOZ, PERE",?,44,3B;4M,0.85663,,Si,2026-10-09,2026-10-09
"MUÑOZ PEÑA, JOSÉ DAVID",?,15,3B;4M,0.40490,,Si,2026-10-09,2026-10-09
"MUÑOZ TAPIA, LUIS",?,42,4M,,,Si,2026-10-09,2026-10-09
"MÁRQUEZ MONTES, ANTONIO",?,50,3B,0.38798,,Si,2026-10-09,2026-10-09
"MÁRQUEZ MONTES, JOSÉ MIGUEL",?,44,3B;4M,0.74101,,Si,2026-10-09,2026-10-09
"MÉNDEZ ESCOBAR, ANDRÉS",?,18,3B;4M,0.50014,,Si,2026-10-09,2026-10-09
"NADAL FONT, JOSEP Mª",?,16,3B,0.53929,,Si,2026-10-09,2026-10-09
"NARVAEZ SÁNCHEZ, FRANCISCO",?,3,3B;4M,0.27273,,Si,2026-10-09,2026-10-09
"NAVARRO CARMONA, JOAN ANT.",?,13,3B;4M,0.75336,,Si,2026-10-09,2026-10-09
"NAVARRO CIÉRCOLES, MIGUEL",?,68,3B,0.12000,,Si,2026-10-09,2026-10-09
"NAVARRO GARCÍA, FRANCISCO",?,42,3B;4M,0.32000,,Si,2026-10-09,2026-10-09
"NAVARRO GARCÍA, MIGUEL ÁNGEL",?,68,3B,0.14667,,Si,2026-10-09,2026-10-09
"NAVAS CORTINA, ÁNGEL",?,44,4M,,,Si,2026-10-09,2026-10-09
"NICOLÁS ROMÁN, JUAN",?,21,3B;4M,0.44857,,Si,2026-10-09,2026-10-09
"NOGUÉS BLANCO, DAVID",?,40,4M,,Si,Si,2026-10-09,2026-10-09
"NORIA SILVESTRE, JOAQUIM",?,68,3B,0.41335,,Si,2026-10-09,2026-10-09
"NOUVILES SERRA, JAUME",?,36,3B,0.38732,,Si,2026-10-09,2026-10-09
"NULA COLLADO, ANTONIO",?,68,3B,0.32006,,Si,2026-10-09,2026-10-09
"NUÉVALOS PÉREZ, CARLOS",?,10,3B,0.53304,,Si,2026-10-09,2026-10-09
"OBANDO QUINTERO, CARLOS ARIEL",?,2,3B,0.39706,,Si,2026-10-09,2026-10-09
"OBRADORS CATALÁN, JORDI",?,50,3B,0.41088,,Si,2026-10-09,2026-10-09
"OCHOA MINGO, ANTONIO",?,68,3B,0.27237,,Si,2026-10-09,2026-10-09
"OLARTE MUÑOZ, JOSEP",?,5,3B,0.34342,,Si,2026-10-09,2026-10-09
"OLIVA SABATÉ, ESTEBAN",?,21,3B;4M,0.55016,,Si,2026-10-09,2026-10-09
"OLIVER SINCA, JORDI",?,2,3B,0.65089,,Si,2026-10-09,2026-10-09
"ORELLANA CUBEROS, JUAN DIEGO",?,23,3B,0.54779,,Si,2026-10-09,2026-10-09
"ORREGO CARDONA, YIBETH ANDRÉS",?,36,3B,0.81261,,Si,2026-10-09,2026-10-09
"ORTA LÓPEZ, LUIS",?,10,3B,0.36399,,Si,2026-10-09,2026-10-09
"ORTEGA DIAZ, ALBERTO",?,6,3B;4M,0.53047,,Si,2026-10-09,2026-10-09
"ORTIZ ALAMILLO, JACINTO",?,14,3B,0.49147,,Si,2026-10-09,2026-10-09
"ORTIZ SATORRES, JOSÉ LUIS",?,6,3B,0.26000,,Si,2026-10-09,2026-10-09
"PABLO CALMET, ALBERT",?,33,3B,0.55026,,Si,2026-10-09,2026-10-09
"PAJUELO NOVILLO, FLORENCIO",?,68,3B,0.27226,,Si,2026-10-09,2026-10-09
"PALLISA GONZÁLEZ, JOSEP",?,10,3B;4M,0.46001,,Si,2026-10-09,2026-10-09
"PALLÀS ANGUERA, JOSEP Mª",?,7,3B,0.44940,,Si,2026-10-09,2026-10-09
"PALOMO MORILLAS, JOSEP LLUIS",?,3,3B;4M,0.45532,,Si,2026-10-09,2026-10-09
"PANADÉS ZAFRA, JOAN",?,45,3B,0.33922,,Si,2026-10-09,2026-10-09
"PARERA FERNÁNDEZ, VALERIÀ",?,13,3B,0.15002,,Si,2026-10-09,2026-10-09
"PARERAS MÉNDEZ, JOAN CARLES",?,13,3B,1.19005,,Si,2026-10-09,2026-10-09
"PARNAU PAGES, JOAN",?,16,3B,0.29054,,Si,2026-10-09,2026-10-09
"PARTAL CALLE, ESTEBAN",?,42,3B;4M,0.36001,,Si,2026-10-09,2026-10-09
"PARÉS HERRERA, MANEL",?,17,3B,0.44088,,Si,2026-10-09,2026-10-09
"PASCUAL MALDONADO, BIEL",?,33,3B,0.13024,,Si,2026-10-09,2026-10-09
"PASTOR BALAGUÉ, JORDI",?,23,3B;4M,0.54956,,Si,2026-10-09,2026-10-09
"PASTOR RIVAS, MANUEL",?,5,3B,0.72819,,Si,2026-10-09,2026-10-09
"PEDROLA NOET, EMILI",?,15,3B;4M,0.25035,,Si,2026-10-09,2026-10-09
"PELEGRÍN MARTÍNEZ, JORGE",?,45,3B,0.32196,,Si,2026-10-09,2026-10-09
"PERALES MARÍN, TOMÁS",?,33,3B,0.45017,,Si,2026-10-09,2026-10-09
"PERALES SANZ, JOAN",?,6,3B;4M,0.80579,,Si,2026-10-09,2026-10-09
"PERTIÑEZ CAMPOS, MANUEL",?,13,3B,0.32323,,Si,2026-10-09,2026-10-09
"PEÑA MARTÍNEZ, FRANCISCO",?,42,3B;4M,0.59312,,Si,2026-10-09,2026-10-09
"PI VILARDELL, XAVIER",?,30,3B;4M,0.46518,,Si,2026-10-09,2026-10-09
"PINEDA LAFUENTE, JOAN JOSEP",?,10,3B,0.93911,,Si,2026-10-09,2026-10-09
"PLANAS FREIXEDES, MANEL",?,27,3B,0.32667,,Si,2026-10-09,2026-10-09
"PLANAS SITJÀ, TOMÀS",?,38,3B;4M,0.32215,,Si,2026-10-09,2026-10-09
"PLANDOLIT MARTÍN, MIQUEL",?,9,3B,0.60850,,Si,2026-10-09,2026-10-09
"PLANTADA MARTORELL, JOAN",?,13,3B,0.43766,,Si,2026-10-09,2026-10-09
"POBLET CODINA, MIGUEL ÁNGEL",?,15,3B;4M,0.15032,,Si,2026-10-09,2026-10-09
"POLO CAMARASA, JOSEP Mª",?,67,3B,0.44354,,Si,2026-10-09,2026-10-09
"PONS PEDRENY, CARLES",?,27,3B,0.72549,,Si,2026-10-09,2026-10-09
"PORCEL CABRERA, JOSÉ EMILIO",?,65,3B,0.32653,,Si,2026-10-09,2026-10-09
"PORQUERAS SABATÉ, VÍCTOR",?,10,3B,0.56677,,Si,2026-10-09,2026-10-09
"PORTA CONEJO, ANTONIO",?,67,3B,0.26846,,Si,2026-10-09,2026-10-09
"POTENCIANO ORTEGA, CARLES",?,17,3B,0.53687,,Si,2026-10-09,2026-10-09
"PRATS PERI, IVÁN",?,22,3B;4M,0.67608,,Si,2026-10-09,2026-10-09
"PRATS QUIÑONES, JOSEP Mª",?,22,3B;4M,0.52774,,Si,2026-10-09,2026-10-09
"PRATS RINS, JAIME",?,11,3B,0.47495,,Si,2026-10-09,2026-10-09
"PRETEL PÉREZ, JOSÉ",?,50,3B,0.29630,,Si,2026-10-09,2026-10-09
"PRIETO TRINIDAD, ANTONIO",?,65,3B,0.22414,,Si,2026-10-09,2026-10-09
"PRINZIVALLI CARRUBBA, PIETRO",?,23,3B;4M,0.47232,,Si,2026-10-09,2026-10-09
"PROHOM DURÁN, DANIEL",?,53,3B,0.34571,,Si,2026-10-09,2026-10-09
"PUIG LATRE, ISAAC",?,2,3B,0.48322,,Si,2026-10-09,2026-10-09
"PUJAL AMETLLER, CARLES",?,28,3B;4M,0.38877,,Si,2026-10-09,2026-10-09
"PUJAL AMETLLER, JAUME",?,28,3B,0.28062,,Si,2026-10-09,2026-10-09
"PUJOL GARCÍA, JAUME",?,15,3B;4M,0.30256,,Si,2026-10-09,2026-10-09
"PÉREZ ANDREU, ALEJANDRO",?,14,3B,1.15582,Si,Si,2026-10-09,2026-10-09
"PÉREZ BLANCH, ROMÀ",?,7,3B;4M,0.32667,,Si,2026-10-09,2026-10-09
"PÉREZ DONAIRE, JAVIER",?,65,3B,0.54641,,Si,2026-10-09,2026-10-09
"PÉREZ FERNÁNDEZ, ANTONIO",?,29,3B;4M,0.33501,,Si,2026-10-09,2026-10-09
"PÉREZ GARCÍA, MIGUEL",?,26,3B,0.53223,,Si,2026-10-09,2026-10-09
"PÉREZ JIMÉNEZ, ANTONIO",?,44,4M,,,Si,2026-10-09,2026-10-09
"PÉREZ LÓPEZ, JOSEP ANT.",?,21,3B;4M,0.54000,,Si,2026-10-09,2026-10-09
"PÉREZ REQUENA, JOSÉ ANTONIO",?,9,3B,0.35704,,Si,2026-10-09,2026-10-09
"PÉREZ VIÑA, MANUEL",?,40,3B;4M,0.53361,Si,Si,2026-10-09,2026-10-09
"PÉREZ ZORRILLA, RAFAEL",?,14,3B,0.70188,,Si,2026-10-09,2026-10-09
"QUESADA MARTOS, JOSÉ LUIS",?,5,3B,0.45577,,Si,2026-10-09,2026-10-09
"QUIÑONERO MORCILLO, JOSÉ Mª",?,6,3B;4M,0.44978,,Si,2026-10-09,2026-10-09
"RALITA ROS, JOAN",?,16,3B,0.44818,,Si,2026-10-09,2026-10-09
"RAMIREZ MATEOS, EDUARD",?,16,3B,0.48621,,Si,2026-10-09,2026-10-09
"RAMIREZ PRIETO, JOHNNATTAN NAYIV",?,15,3B;4M,0.28012,,Si,2026-10-09,2026-10-09
"RAMIS BARDEM, JORDI",?,38,3B;4M,0.68504,,Si,2026-10-09,2026-10-09
"RAMOS ARGIMON, RAMÓN",?,17,3B,0.36005,,Si,2026-10-09,2026-10-09
"RAMOS CLARES, FRANCISCO JAVIER",?,44,3B;4M,0.29501,,Si,2026-10-09,2026-10-09
"RAMOS RUIZ, JOSEP",?,29,3B;4M,0.38218,,Si,2026-10-09,2026-10-09
"RAMÍREZ AYMERICH, IÑAKI",?,15,3B;4M,0.10021,,Si,2026-10-09,2026-10-09
"RAULET CLOS, ESTEVE",?,38,3B;4M,0.25926,,Si,2026-10-09,2026-10-09
"REMOND MICHEL, ALAIN",?,18,3B;4M,0.80012,Si,Si,2026-10-09,2026-10-09
"RESTREPO HERNÁNDEZ, CARLOS",?,16,3B,0.55573,,Si,2026-10-09,2026-10-09
"RIBALTA GARGANTE, RAMÓN",?,18,3B;4M,0.32784,,Si,2026-10-09,2026-10-09
"RIBAS MURIEL, MARC",?,47,3B;4M,0.36016,,Si,2026-10-09,2026-10-09
"RIBAS TORRES, PERE",?,9,3B,0.38179,,Si,2026-10-09,2026-10-09
"RICART MARTÍNEZ, FRANCESC",?,55,3B,0.71488,,Si,2026-10-09,2026-10-09
"RIERA PRATS, CARLES",?,55,3B,0.36492,,Si,2026-10-09,2026-10-09
"RIPOLL ROMAGUERA, JOAQUIM",?,17,3B,0.39239,,Si,2026-10-09,2026-10-09
"RIUS PIQUÉ, XAVIER",?,18,3B;4M,0.50036,,Si,2026-10-09,2026-10-09
"ROBLEDO GONZÁLEZ, ISIDRE",?,23,3B;4M,0.48755,,Si,2026-10-09,2026-10-09
"ROCA BARBERÀ, ALBERT",?,27,3B,0.29001,,Si,2026-10-09,2026-10-09
"ROCA CUSCO, JORDI",?,21,3B;4M,0.30460,,Si,2026-10-09,2026-10-09
"ROCHA VERA, JEFERSON",?,2,3B,0.47959,,Si,2026-10-09,2026-10-09
"RODRIGUEZ CARRILLO, FRANCISCO",?,17,3B,0.39786,,Si,2026-10-09,2026-10-09
"RODRIGUEZ DIAZ, JOAN MANEL",?,9,3B,0.32227,,Si,2026-10-09,2026-10-09
"RODRIGUEZ JIMÉNEZ, EDUARD",?,16,3B,0.57768,,Si,2026-10-09,2026-10-09
"RODRÍGUEZ JUÁREZ, CARLOS",?,28,3B;4M,0.34900,,Si,2026-10-09,2026-10-09
"RODRÍGUEZ MAIA, MARIO FELIPE",?,16,3B,0.83250,,Si,2026-10-09,2026-10-09
"RODRÍGUEZ MONTESINOS, ROQUE",?,10,3B,0.36738,,Si,2026-10-09,2026-10-09
"RODRÍGUEZ MORALES, JESÚS,",?,45,3B,0.20015,,Si,2026-10-09,2026-10-09
"RODRÍGUEZ NAVARRA, FERRÁN",?,16,3B,0.67460,,Si,2026-10-09,2026-10-09
"RODRÍGUEZ SÁNCHEZ, CÉSAR",?,2,3B,0.31755,,Si,2026-10-09,2026-10-09
"ROIGE ARAN ,MIQUEL",?,16,3B,0.34201,,Si,2026-10-09,2026-10-09
"ROJALS VALLS, JOAN",?,5,3B,0.43192,,Si,2026-10-09,2026-10-09
"ROJANO REINOSO, BARTOLOMÉ",?,3,3B;4M,0.29003,,Si,2026-10-09,2026-10-09
"ROJAS ARAUJO, ÓSCAR",?,3,3B;4M,0.50238,,Si,2026-10-09,2026-10-09
"ROJO CASERO, ÁNGEL",?,50,3B,0.28947,,Si,2026-10-09,2026-10-09
"ROMERA OCAÑA, JOSÉ MANUEL",?,45,3B,0.33921,,Si,2026-10-09,2026-10-09
"ROMERO ROMERO, PEDRO",?,68,3B,0.40147,,Si,2026-10-09,2026-10-09
"ROMÁN LOZANO, BIBIANO",?,14,3B,0.40029,,Si,2026-10-09,2026-10-09
"ROPERO VILARÓ, ADRIÀ",?,36,3B,0.41776,,Si,2026-10-09,2026-10-09
"ROS GUARRO, JOAN",?,56,3B,0.77245,,Si,2026-10-09,2026-10-09
"ROSES GUITART, ANTONI",?,3,3B;4M,0.29865,,Si,2026-10-09,2026-10-09
"ROSSELLÓ RODRIGUEZ, JAUME",?,27,3B,0.40062,,Si,2026-10-09,2026-10-09
"ROVIRA CABEDO, JORDI",?,33,3B,0.15018,,Si,2026-10-09,2026-10-09
"RUBIÓ SIRVENT, JOSEP",?,67,3B,0.30015,,Si,2026-10-09,2026-10-09
"RUIZ LARA, JOSÉ",?,53,3B,0.33819,,Si,2026-10-09,2026-10-09
"RUIZ LÓPEZ, JUAN",?,6,3B,0.49626,,Si,2026-10-09,2026-10-09
"RUIZ MINA, ÁNGEL DAVID",?,15,3B;4M,0.28501,,Si,2026-10-09,2026-10-09
"RUIZ NAVARRO, SERGIO",?,13,3B,0.25001,,Si,2026-10-09,2026-10-09
"RUIZ RODRÍGUEZ, ALFONS",?,44,4M,,,Si,2026-10-09,2026-10-09
"RUIZ VÉLEZ, MARTÍN",?,50,3B,0.19902,,Si,2026-10-09,2026-10-09
"RUS MARTÍNEZ, ANTONIO",?,6,3B;4M,0.30045,,Si,2026-10-09,2026-10-09
"SAAVEDRA RUIZ, VICTOR ESTAINER",?,63,3B,0.30087,,Si,2026-10-09,2026-10-09
"SABIO MONFORT, DANIEL",?,44,3B;4M,0.54457,,Si,2026-10-09,2026-10-09
"SACREST ROCA, CARLES",?,63,3B,0.41192,,Si,2026-10-09,2026-10-09
"SAEZ RODRIGUEZ, JOSÉ MANUEL",?,5,3B,0.35929,,Si,2026-10-09,2026-10-09
"SALA CAMPS, RAMÓN",?,10,3B;4M,0.31008,,Si,2026-10-09,2026-10-09
"SALAZAR HERNÁNDEZ, RAFAEL",?,9,3B,0.64921,,Si,2026-10-09,2026-10-09
"SALAZAR PRADA, JUAN CARLOS",?,44,3B,0.35855,,Si,2026-10-09,2026-10-09
"SALGAS CASTAÑO, MÓNICA",?,16,3B,0.20117,,Si,2026-10-09,2026-10-09
"SALVANY REÑE, JOSÉ MARÍA",?,67,3B,0.38503,,Si,2026-10-09,2026-10-09
"SANS LAFARGA, SANTIAGO",?,11,3B,0.69030,,Si,2026-10-09,2026-10-09
"SANTAMARÍA BARBARÁ, JORDI",?,26,3B,0.60916,,Si,2026-10-09,2026-10-09
"SANTESMASSES BENET, FRANCESC X.",?,18,3B;4M,0.40012,,Si,2026-10-09,2026-10-09
"SANTIAGO ROMERO, JUAN",?,5,3B,0.41843,,Si,2026-10-09,2026-10-09
"SANTIGOSA GASSET, DELFÍ",?,6,3B;4M,0.53429,,Si,2026-10-09,2026-10-09
"SARRATE POCH, PERE",?,44,3B;4M,0.44949,,Si,2026-10-09,2026-10-09
"SAURÍ RABAT, JOAN",?,9,3B,0.51794,,Si,2026-10-09,2026-10-09
"SAYERAS GUITERAS, JOSEP Mª",?,14,3B,0.51429,,Si,2026-10-09,2026-10-09
"SBERT MIÑANA, XAVIER",?,3,3B;4M,0.29004,,Si,2026-10-09,2026-10-09
"SEGARRA FERRER, ALBERT",?,9,3B,0.20014,,Si,2026-10-09,2026-10-09
"SEGARRA SOLÉ, ALBERT",?,9,3B,0.94043,,Si,2026-10-09,2026-10-09
"SEGURA CORRALES, ALBERT",?,7,3B;4M,0.64716,,Si,2026-10-09,2026-10-09
"SEGURA GONZÁLVEZ, FERNANDO",?,2,3B,0.45109,,Si,2026-10-09,2026-10-09
"SEGURA MONDRIÁ, FRANCESC XAVIER",?,2,3B,0.47820,,Si,2026-10-09,2026-10-09
"SEGUÍ GUASCH, ERNEST",?,17,3B,0.21333,,Si,2026-10-09,2026-10-09
"SELLARÉS BURGUÉS, JAIME",?,63,3B,0.35198,,Si,2026-10-09,2026-10-09
"SENDRA GABARRÓ, ANTONI",?,18,3B;4M,0.65789,,Si,2026-10-09,2026-10-09
"SERAROLS MONTES, JOSEP",?,18,3B;4M,0.65217,,Si,2026-10-09,2026-10-09
"SERRAMITJANA JUAN, MARTA",?,9,3B,0.30014,,Si,2026-10-09,2026-10-09
"SERRANO CHAMORRO, JOSÉ",?,65,3B,0.39180,,Si,2026-10-09,2026-10-09
"SERRANO DUEÑAS, DAVID",?,45,3B,0.22012,,Si,2026-10-09,2026-10-09
"SERRANO FERNÁNDEZ, JORDI",?,18,3B;4M,0.62334,,Si,2026-10-09,2026-10-09
"SERRATS ANGRILL, ALEIX",?,28,3B;4M,0.50691,,Si,2026-10-09,2026-10-09
"SESÉ SABARTÉS, FREDERIC",?,44,3B;4M,0.19000,,Si,2026-10-09,2026-10-09
"SILVA GAVIRÍA, ÓSCAR ALONSO",?,17,3B,0.55160,,Si,2026-10-09,2026-10-09
"SISTANÉ PLANELLA, JAUME",?,7,3B;4M,0.26279,,Si,2026-10-09,2026-10-09
"SOCIAS MESTRES, ALBERT",?,27,3B,0.22032,,Si,2026-10-09,2026-10-09
"SOGUÉS BELTRÁN, CARLOS",?,10,3B;4M,0.51290,,Si,2026-10-09,2026-10-09
"SOLER ARBUSSA, JORDI",?,16,3B,0.18100,,Si,2026-10-09,2026-10-09
"SOLÉ MARSIÑACH, JOSEP MARIA",?,40,3B;4M,0.43047,,Si,2026-10-09,2026-10-09
"SOLÉ RUESTES, ROBERT",?,67,3B,0.27090,,Si,2026-10-09,2026-10-09
"SOTO DÍAZ, FÉLIX ESTEVE",?,23,3B;4M,0.58022,,Si,2026-10-09,2026-10-09
"SOTO OLIVER, LLUÍS",?,44,3B;4M,0.62142,,Si,2026-10-09,2026-10-09
"SOTOMAYOR PLATA, MANUEL",?,10,3B,0.59520,,Si,2026-10-09,2026-10-09
"SPINELLI, MIGUEL ANGEL",?,38,3B;4M,0.43803,,Si,2026-10-09,2026-10-09
"SUAU PUIG, FRANCESC",?,18,3B;4M,0.45023,,Si,2026-10-09,2026-10-09
"SURINA SERRAT, PERE",?,16,3B,0.16801,,Si,2026-10-09,2026-10-09
"SURÓS SÁNCHEZ, FRANCESC",?,40,3B,0.41127,,Si,2026-10-09,2026-10-09
"SUÁREZ LASSO, HÉCTOR FABIO",?,10,3B,0.46324,,Si,2026-10-09,2026-10-09
"SÁEZ ROMERO, ANTONIO",?,45,3B,0.60601,,Si,2026-10-09,2026-10-09
"SÁNCHEZ BARRERA, JORGE A.",?,42,3B;4M,0.67767,,Si,2026-10-09,2026-10-09
"SÁNCHEZ BARRERA, MIGUEL",?,6,3B;4M,0.71947,,Si,2026-10-09,2026-10-09
"SÁNCHEZ ESCOFET, JAUME",?,16,3B,0.28499,,Si,2026-10-09,2026-10-09
"SÁNCHEZ FERNÁNDEZ, BARTOLOMÉ",?,55,3B,0.30441,,Si,2026-10-09,2026-10-09
"SÁNCHEZ GALLEGO, JOEL",?,9,3B;4M,0.74318,Si,Si,2026-10-09,2026-10-09
"SÁNCHEZ GIL, ALFONSO",?,27,3B;4M,0.30900,Si,Si,2026-10-09,2026-10-09
"SÁNCHEZ LÁZARO, DAVID",?,53,3B,0.46741,,Si,2026-10-09,2026-10-09
"SÁNCHEZ MARTÍNEZ, PASCUAL",?,5,3B,0.73913,,Si,2026-10-09,2026-10-09
"SÁNCHEZ NARVÁEZ, JACINTO",?,45,3B,0.37662,,Si,2026-10-09,2026-10-09
"SÁNCHEZ ROSO, ANTONIO",?,40,3B,0.17600,,Si,2026-10-09,2026-10-09
"SÁNCHEZ SOLER, MOISÉS",?,30,3B;4M,0.30016,,Si,2026-10-09,2026-10-09
"SÁNCHEZ TRIGUEROS, CARLES",?,50,3B,0.48065,,Si,2026-10-09,2026-10-09
"SÁNCHEZ TRIGUEROS, JAIME",?,2,3B,0.35635,,Si,2026-10-09,2026-10-09
"TAPIA MORDILLO, ANTONI",?,13,3B;4M,0.41550,,Si,2026-10-09,2026-10-09
"TAZA GARCÍA, JOAN CARLES",?,30,3B;4M,0.75606,,Si,2026-10-09,2026-10-09
"TEIXIDO GORT, JORDI",?,22,3B;4M,0.20000,,Si,2026-10-09,2026-10-09
"TELLA RODRÍGUEZ DE HINOJOSA, CAROLINA",?,3,3B;4M,0.10008,,Si,2026-10-09,2026-10-09
"TIRADO GUTIERREZ, FRANCISCO",?,2,3B,0.27432,,Si,2026-10-09,2026-10-09
"TOLSA XIXONS, NORBERT",?,36,3B,0.54360,,Si,2026-10-09,2026-10-09
"TOMÁS SÁNCHEZ, JOAN FRANCESC",?,55,3B,0.27500,,Si,2026-10-09,2026-10-09
"TORMO BLANCO, FÉLIX",?,50,3B,0.70370,,Si,2026-10-09,2026-10-09
"TORMO CALATAYUD, JORGE",?,2,3B,0.36050,,Si,2026-10-09,2026-10-09
"TORO CORRALES, GERMÁN",?,29,3B;4M,0.45570,,Si,2026-10-09,2026-10-09
"TORRA MENTUY, EDUARD",?,7,3B;4M,0.22000,,Si,2026-10-09,2026-10-09
"TORRENT COT, JOSEP",?,26,3B,0.34518,,Si,2026-10-09,2026-10-09
"TORRENTS CASAS, SERGI",?,27,3B,0.58978,,Si,2026-10-09,2026-10-09
"TORRENTS VILLARROYA, JOSEP MARIA",?,47,3B,0.35667,,Si,2026-10-09,2026-10-09
"TORRES EZEQUIEL, JAUME MANEL",?,36,3B;4M,0.68049,,Si,2026-10-09,2026-10-09
"TORRES SANTAMARÍA, ROGELIO",?,5,3B,0.60023,,Si,2026-10-09,2026-10-09
"TREMOLEDA MASSACHS, LUIS",?,17,3B,0.21003,,Si,2026-10-09,2026-10-09
"TRILLERAS CÁRDENAS, DAVID CAMILO",?,22,3B;4M,0.40015,,Si,2026-10-09,2026-10-09
"TRONCOSO GENES, RAFAEL JESÚS",?,45,3B,0.40014,,Si,2026-10-09,2026-10-09
"TRULLÁS VERA, YURI",?,21,3B;4M,0.51952,,Si,2026-10-09,2026-10-09
"TURRÓ VIERT, JOAQUIM",?,16,3B,0.30757,,Si,2026-10-09,2026-10-09
"TURU ROSELL, JOSEP",?,28,3B;4M,0.36300,,Si,2026-10-09,2026-10-09
"TUSET MALLOL, CARLES",?,6,3B;4M,0.60005,,Si,2026-10-09,2026-10-09
"UBACH REBULÁ, MIQUEL",?,6,3B,0.37273,,Si,2026-10-09,2026-10-09
"UCEDA LÓPEZ, RAÚL",?,9,3B,1.04878,,Si,2026-10-09,2026-10-09
"VAL AINA, JOSEP MARIA",?,10,3B;4M,0.23238,,Si,2026-10-09,2026-10-09
"VALENTIN GERMAN, IONEL",?,42,3B;4M,0.41076,,Si,2026-10-09,2026-10-09
"VALLES BADIA , XAVIER",?,36,3B,0.48490,,Si,2026-10-09,2026-10-09
"VAN KESSEL, MARK STEFAN",?,9,3B,0.88889,,Si,2026-10-09,2026-10-09
"VAQUÉ CAMPS, RAMÓN",?,38,3B;4M,0.38035,,Si,2026-10-09,2026-10-09
"VARELA LOSADA, FRANCESC",?,3,3B;4M,0.66440,,Si,2026-10-09,2026-10-09
"VARELA PEÑA, ANGEL M.",?,13,3B;4M,0.42155,,Si,2026-10-09,2026-10-09
"VEGA ASTASIO, JUAN JOSÉ",?,50,3B,0.20012,,Si,2026-10-09,2026-10-09
"VEIGA CARRETE, DAVID",?,3,3B;4M,0.51971,,Si,2026-10-09,2026-10-09
"VENTURA SANS, MIQUEL",?,28,3B;4M,0.31111,,Si,2026-10-09,2026-10-09
"VERDU BOTAM, JOSEP",?,23,3B;4M,0.41931,,Si,2026-10-09,2026-10-09
"VERSCHELDEN DE RYBEL, LUC",?,22,3B;4M,0.29924,,Si,2026-10-09,2026-10-09
"VICENT ESPINAR, FRANCISCO MANUEL",?,45,3B,0.32285,,Si,2026-10-09,2026-10-09
"VICENTE RUIZ, JOSÉ",?,3,3B;4M,0.73555,,Si,2026-10-09,2026-10-09
"VIDAL GIBERT, JOAN",?,23,3B;4M,0.64423,,Si,2026-10-09,2026-10-09
"VIDAL SANLLEHY, CARLES",?,5,3B,0.65012,,Si,2026-10-09,2026-10-09
"VIERA PACHE, VALENTÍ",?,42,3B;4M,0.29900,,Si,2026-10-09,2026-10-09
"VILA CLOPES, JOSEP",?,3,3B;4M,0.35067,,Si,2026-10-09,2026-10-09
"VILALTA PARÉ, VALENTÍ",?,3,3B;4M,0.55001,,Si,2026-10-09,2026-10-09
"VILAPLANA PENELLA, JAUME",?,15,3B;4M,0.38067,,Si,2026-10-09,2026-10-09
"VILASECA PERRAMON, JORDI",?,40,3B;4M,0.48558,,Si,2026-10-09,2026-10-09
"VILCHEZ VELASCO, ÁNGEL",?,47,3B;4M,0.50360,,Si,2026-10-09,2026-10-09
"VILLACAMPA DE LA CRUZ, VÍCTOR M.",?,40,3B,0.33829,,Si,2026-10-09,2026-10-09
"VILLAR GARCÍA, LLUIS",?,9,3B,0.27176,,Si,2026-10-09,2026-10-09
"VILLATE MALAGÓN, BRIAN STEVEN",?,2,3B,0.34615,,Si,2026-10-09,2026-10-09
"VILLEGAS PARREÑO, JOSEP",?,6,3B;4M,0.26003,,Si,2026-10-09,2026-10-09
"VILLEGAS VILAS, RICARD",?,17,3B,0.76157,,Si,2026-10-09,2026-10-09
"VILLÉN GALLACH, JOAN",?,15,3B;4M,0.32323,,Si,2026-10-09,2026-10-09
"VÁZQUEZ BARRERO, ÓSCAR DAVID",?,22,3B;4M,0.50012,,Si,2026-10-09,2026-10-09
"VÁZQUEZ TRABADO, MANUEL",?,30,3B;4M,0.43695,,Si,2026-10-09,2026-10-09
"VÍLCHEZ PARDO, FRANCISCO",?,21,3B;4M,0.58610,,Si,2026-10-09,2026-10-09
"YAGÜE HERRERO, FRANCISCO",?,9,3B,0.16000,,Si,2026-10-09,2026-10-09
"YUBERO VÁZQUEZ, JOSE ANTONIO",?,21,3B;4M,0.42616,,Si,2026-10-09,2026-10-09
"YÁÑEZ ACUÑA, ENRIQUE",?,10,3B;4M,0.57589,,Si,2026-10-09,2026-10-09
"ZAPLANA HERNÁNDEZ, JOAN",?,21,3B;4M,0.35484,,Si,2026-10-09,2026-10-09
"ZULETA GIRALDO, JOHN JAIRO",?,2,3B,0.81650,,Si,2026-10-09,2026-10-09
"ÁLVAREZ ÁLVAREZ, ALEJANDRO",?,36,3B,0.30352,,Si,2026-10-09,2026-10-09
"ÁLVAREZ-BUYLLA PASCUAL, RAMÓN",?,17,3B,0.36102,,Si,2026-10-09,2026-10-09
"ÁNGEL GARCÍA, MIGUEL",?,3,3B;4M,0.19403,,Si,2026-10-09,2026-10-09
